Kernel,Proxy_RMSE,Proxy_MAE,Proxy_R2,Proxy_Bias,Proxy_StdErr,True_RMSE,True_MAE,True_R2,True_Bias,True_StdErr
rbf,7.052205913460668,5.7018256187438965,-0.10648465156555176,-4.794693,5.171511,5.549476207038404,4.573987007141113,-0.9511839151382446,-3.4430664,4.3522387
matern,7.100991472676159,5.750916957855225,-0.12184631824493408,-4.9079766,5.1318464,5.605468579867158,4.605225086212158,-0.9907561540603638,-3.556349,4.332858
combined,5.237722300179614,3.963364839553833,0.38964807987213135,-1.6572939,4.968612,4.390368471084136,3.5516138076782227,-0.22122633457183838,-0.30566677,4.379715
