Kernel,Proxy_RMSE,Proxy_MAE,Proxy_R2,True_RMSE,True_MAE,True_R2
rbf,7.052205913460668,5.7018256187438965,-0.10648465156555176,5.549476207038404,4.573987007141113,-0.9511839151382446
matern,7.100991472676159,5.750916957855225,-0.12184631824493408,5.605468579867158,4.605225086212158,-0.9907561540603638
combined,5.113029456295677,4.040308475494385,0.4183630347251892,3.781582904379502,3.189774513244629,0.09397232532501221
