{
  "n_points": [
    20,
    40,
    80,
    160
  ],
  "rmse": {
    "Standard GP": [
      2.329500846110563,
      2.2582228712312586,
      1.667409166455817,
      1.6682183844170186
    ],
    "Latent Variable Extraction": [
      1.786004899800406,
      1.302428167980249,
      1.3306795808069756,
      0.8586278829548363
    ],
    "Bayesian GP State-Space": [
      1.6605773183855548,
      1.5188315387643154,
      0.854290102890125,
      0.6599948506236758
    ]
  },
  "r2": {
    "Standard GP": [
      -0.06412822861109913,
      -4.195885303426294e-06,
      0.4548040909925518,
      0.45427477954707773
    ],
    "Latent Variable Extraction": [
      0.3744910745739696,
      0.667358998511093,
      0.6527716277455259,
      0.8554299956156654
    ],
    "Bayesian GP State-Space": [
      0.45926258279731025,
      0.5476366282089451,
      0.8568870384421806,
      0.9145820167677141
    ]
  }
}