model,coverage,interval_width,bias,uncertainty_calibration
Standard GP,0.41,1.6865882117969304,-0.25314815008304964,3.830499658623276
Latent Variable Extraction,0.688,2.0873964437854586,-0.12648717333361936,2.487618037169124
Bayesian GP State-Space,0.628,1.7576212881443363,0.0944180803606306,1.8936395415031095
