proxies,rmse,mae,r2,coverage,ci_width
d18O,0.8461297233608404,0.6518496393074618,0.8596080772562062,0.918,3.0112953186035156
UK37,1.8338261993938274,1.3991549890409647,0.340545911432523,0.954,6.147113800048828
Mg_Ca,1.4824186654628373,1.088903867586839,0.5690667861411763,0.9,4.480256080627441
d18O+UK37,0.861644035978525,0.6334236778608715,0.8544125324618843,0.632,1.7777805927175936
d18O+Mg_Ca,0.9041706210457521,0.6556844025094096,0.8396869037489109,0.526,1.1001203457092539
UK37+Mg_Ca,1.2906265461262054,1.0003117995288295,0.6733599704300652,0.562,1.971886060932584
d18O+UK37+Mg_Ca,0.8871795186024576,0.6516789651241883,0.8456554733037421,0.386,0.7383974647189983
