Metric,Traditional,Improved,Difference
RMSE,8.431690823151387,26.36022887568199,17.928538052530605
MAE,8.340082836151122,26.343993848164875,18.003911012013752
R²,,,
Coverage (%),0.0,0.0,0.0
CI Width,0.0039196014404296875,1.230042576789856,1.2261229753494263
