Method,RMSE,MAE,R2,Bias,StdErr
Multi-Proxy GP,0.861488751697972,0.6386102893473615,0.9553821393979796,0.0028581321064299913,0.8614840105207945
Weighted Combination,0.21493193048047385,0.17104981975743763,0.9972227728733206,0.006159155974464235,0.2148436630150991
δ18O Simple,0.21546475179437705,0.17145812144827843,0.9972089861828977,0.006170126739599748,0.2153763886823014
UK'37 Simple,2.484630354886237,1.9472865704844973,0.6288639911290304,-0.012714555095546294,2.4845978226889818
